username,display_name,created_time,digg_count,reply_count,venus_sign,venus_house,nn_sign,nn_house,saturn_sign,saturn_house,dreams,lessons_attracted,life_events,notes,text
susspishiz,sus.spish,2026-07-09T04:42:41,0,2,Scorpio,7,,,,,,,,Venus only,"Venus - Scorpio, 7th house"
susspishiz,sus.spish,2026-07-09T04:38:44,0,0,,,,,,,,,,No placements; raising hand only. Same user posted her Venus 4 minutes later,Me 🙋‍♀️
ugurberkseven,Ugur,2026-07-09T04:35:00,0,0,Taurus,1,Cancer,4,Taurus,1,,,,Taurus stellium; NN Cancer given as 4th (not whole-sign consistent); Venus/Saturn signs inferred from 1st house,"taurus rising and taurus stellium, venus and saturn in 1st house, north node 4th house cancer"
sabrinie91,Sabrina Allshouse,2026-07-09T04:24:40,0,0,Virgo,5,Capricorn,9,Aquarius,10,To be a rich housewife on a beach with a garden; moving from the Midwest to the Gulf,Growing more comfortable with herself through several failed but developmental relationships,Lost everyone family-wise; took a long time to make and execute a plan,,"Taurus rising, venus in Virgo 5th house, north node in Capricorn 9th house, Saturn in Aquarius 10th hous. Never thought of a dream career, but I’d love to just be a rich housewife on a beach with a garden and currently getting settled to move from the Midwest to the gulf, took quite a long time to figure this out and actually make a plan and execute it, def took till I lost everyone family wise and after several failed but developmental relationships and more into just being more comfortable with myself"
irkjournal,Isabelle⁷,2026-07-09T04:20:30,0,0,Aquarius,9,Leo,3,Taurus,12,Write as a career (an author); travel widely; be fluent in many languages; financial security and a home as solace; soul-fulfilling friendships and relationships,Situations that require putting herself first — setting boundaries and self-care,,Houses as stated (not whole-sign consistent — possibly Placidus),"taurus rising! venus in aquarius (9th house), North node in leo (3rd house), and saturn in taurus (12th house). my biggest dreams are to write as a career (an author), travel the world widely and often and study/be fluent in many languages, be and feel financially secure to maintain my lifestyle and a home I create to be my solace, and finally to have soul fulfilling friendships/relationships. i feel like i attract lessons of being put in situations where I need to learn to put myself first, both setting boundaries and taking care of myself."
shartprincess,shartprincess,2026-07-09T03:50:01,0,0,Capricorn,9,Scorpio,7,Pisces,11,Traveling and true love,Romantic relationship lessons of all sorts,,,"taurus rising, venus cap 9h, northnode scorpio 7h, saturn pisces 11h. dreams are mostly traveling and true love lmaoo and i attract romantic relationship lessons of all sorts."
amg23234,amg,2026-07-09T03:42:03,0,0,Aries,12,,,Aquarius,10,Craves stability in all of them,,Partner passed away last year; aunt passed away this year,Houses only; signs inferred whole-sign; no NN,"I’m a Taurus rising, my partner passed away last year. My aunt passed away this year. I have Venus in the 12 house and Saturn in 10th house. I crave stability in all the dreams I have."
miamovingforward,Miamovingforward,2026-07-09T03:40:44,0,1,Aquarius,10,Sagittarius,8,Aquarius,10,,,,Placements only,Yes. Venus 10 house Aquarius. North node 8 house sag. Saturn 10 Aquarius.
doncatito,Ryuk,2026-07-09T03:31:54,0,0,Scorpio,7,Gemini,2,Scorpio,6,"A house by the beach, living by nature, and writing scripts",Attracts people at work who won't open paths for him,,"Saturn Scorpio given as 6th (not whole-sign consistent); Sun, Jupiter, Neptune in 8th Sagittarius","Taurus rising, Venus in the 7th house Scorpio, north node Gemini 2nd house, Saturn 6th house Scorpio : my dream is to have a house by the beach live by nature and write scripts, I attract people that don’t like to open paths for me at work. My Sun, Jupiter and Neptune are in the 8th house Saggittarius"
wearewoven42,wearewoven42,2026-07-09T03:16:39,0,0,Cancer,3,Leo,4,Libra,6,"For their loved ones to never have to understand poverty, while keeping their own peace",,Fiancé has been through the described hardships in cycles; great communicator except about himself,"Proxy answer for her fiancé; houses only, signs inferred whole-sign; Chiron and Mars in 1st","My fiancé is Taurus rising with Chiron and mars in the 1H, Venus in 3H, NN in 4H, Saturn in 6H. And he has been through all of the above in cycles. But I am trying to convince him to talk about it because his sun is in his 2H in Gemini he’s a great communicator but not about himself. He is my favorite person. Our dream is to be the reason our loved ones don’t have to understand poverty but with also remaining in our own peace."
maddogg92,Maddogg77,2026-07-09T03:10:55,0,0,Cancer,3,Capricorn,9,Aquarius,10,The ability to let others see themselves and their highest selves through her lens,Used to attract people who needed fixing and used her insecurities against her; with better boundaries now attracts independent people who actively choose her,,NN at 0 degrees,"Hiyyyaaa. Taurus rising here 🥰 my Venus is in Cancer in the 3rd house, North Node in Capricorn in the 9th house (0 degrees), and my Saturn is in Aquarius in the 10th house. If I could have anything, it would be to have the ability to let others see themselves (and others) through my lense, I feel like I can truly see what someone’s highest self is, how genuine, kind, warm, smart, loving, strong, resilient, and beautiful they can be, I can also see your strengths and weaknesses. On the flip side I can also see when someone is projecting their “highest self”- but it’s complete sh*t. When they’re completely unaligned, the “black hole” that they have created of their energy, and how they have become a human succubus. I use to attract people who needed “fixed,” someone who needed me, my light, my kindness, and then would use my insecurities against me at any point they were mad at me. I am now at a new point in life where, because I have better boundaries- still working on them lol- I no longer attract that. I now attract goal oriented, smart, independent people who don’t NEED anything from me, but people who ACTIVELY choose to have me in their lives. 💜"
himenyms,(◜ᴗ◝),2026-07-09T03:09:20,0,0,Pisces,11,Leo,4,Aries,12,Become a doctor (feels it's her purpose); security and stability; keep loved ones safe and help them freely; build a special-education school; leave a positive legacy,"Mental strength from repeated struggle; learning connection, vulnerability and boundaries; stepping into responsibility before feeling ready during Saturn return",Healing from major past traumas; repeated med-school graduation delays from health and life affecting grades,"Saturn with Jupiter; Saturn-dominant (Aquarius stellium 10H, Cap moon 9H); in Saturn return","Taurus Rising. Pisces Venus 11H, Saturn Aries 12H (with Jupiter), North Node Leo 4H. I don't know if my struggle is on the level you are looking for but I've been healing from huge traumas in my past and have been facing repeated delays in my graduation from med school bc of health and life affecting my grades. My biggest dream is to become a doctor more than anything, I truly think it's my purpose to help people. But underlying that I seek security and stability more than anything and I just want to be in a position where all my loved ones are safe and I can afford to help them freely while not compromising my own needs and passions, I also want to have a positive impact/legacy on the world and my community, especially to build something for the children in my life (nephews), it's my dream to put up a Special Education school. In terms of lessons, I have become really mentally strong over the past few years from healing, gaining strength from repeated struggle, I have been learning how I relate to people (I have always struggled with connection, vulnerability, boundaries), I am also learning to be secure against change and struggle and feel less weak against what life throws at me. Since it's also my Saturn return, I have been put into positions lately where I have to step up and take on more responsibility than I feel ready for. I have struggled with self-doubt and feeling small and uncertain all my life so it feels like life is trying to beat that out of me by throwing hardship at me. I am also Saturn dominant (Aqua stellium 10H, Cap moon 9H)"
laurenk94,laurenlovesreading,2026-07-09T03:09:10,0,0,Virgo,5,Capricorn,9,Aquarius,10,A peaceful life,,,"Degrees given (rising 2°, Venus 6°, NN 18°, Saturn 3°); houses inferred whole-sign","Taurus rising (2’), Venus Virgo (6’), NN Capricorn (18’), Saturn Aquarius (3’). Honestly, my dream is just a peaceful life."
morphstudio17,🦋,2026-07-09T02:46:45,0,0,Taurus,12,,,,,No real-world dreams aside from peace (dreams every single night literally),Attracts what seems calm and caring initially but turns into life-altering/shattering experiences,"Life 'literally a nightmare'; a million different jobs, currently unemployed due to circumstances",Garbled placements — Venus given as Taurus 12th (not whole-sign consistent); no NN; Saturn shares an unspecified house with Uranus; Gemini dual ascendant mentioned,"12th House Taurus in Venus
Chiron and Black Moon Lilith in Taurus & Gemini Dual Ascendant
I am an 8th Houser & Saturn & Uranus share a House in my chart
My Life is Literally a Nightmare but Ive had a million different jobs currently unemployed due to circumstances & I dream EVERY SINGLE NIGHT but No real world dreams aside from peace
I attract what seems calm & caring initially but turns into life altering/shattering experiences 🦋"
lj_blackhardt,LJ_Blackhardt,2026-07-09T02:41:42,0,0,Scorpio,7,Libra,6,Virgo,5,"Write a book, or more so create a movie — tell a story and put it out for people to see; travel and create, endlessly",,,,"Venus in the seventh house of Scorpio, north node in Libra six house, Saturn in Virgo fifth house. I want to create something. I either wanna write a book but more so I want a movie I want to create a movie. I want to tell a story. I wanna put it out there. I want people to see it and then I would love to travel and create travel and create travel and create."
justineclim,juju,2026-07-09T02:37:49,1,0,Aries,11,Cancer,2,Gemini,1,"Study astrology and become an astrologer, or do something for a bigger cause; to shine and be truly seen",Attachment and self-worth; constant death-and-rebirth through intense loss; not losing herself to other people,"Repeated intense losses, especially in friendships and relationships","Saturn at 0°; houses as stated (not whole-sign consistent — possibly Placidus); Aqua MC with Uranus and Lilith; personal planets in 12th and 8th, Pluto in 7th","Taurus Rising, Venus 11th house in Aries, North node in Cancer 2nd house, Saturn in Gemini 1st house at 0 degrees, also have some personal planets on 12th and 8th plus i also have Pluto in the 7th. Life has been a constant death and rebirth for me where I have to go through intense loss (especially in friendships and relationships) and coming out of it stronger and wiser. Lessons of attachment and self worth have been a key theme as well. The battle between wanting to shine because you know to yourself you’re talented but then afraid to shine too much in fear of being really seen so you stay by the sidelines. Doesn’t help that I also have Aqua MC with Uranus and Lilith sitting there. Career decisions of wanting the noble path yet in my hearts of heart, I just wanna study and become an astrologer too or do something for a bigger cause but I just haven’t figured it out yet. I know Im meant for greater things, its just really a battle within my own shadow and not loosing myself to other people in the process. So yeah 🤗"
aliilatorre,Alexandra Latorre,2026-07-09T02:36:13,0,0,Gemini,2,Capricorn,9,Aquarius,10,Stability and independence,People threatened by how easily she attracts attention through authenticity and boundaries,A lot of narcissists and physical abuse her whole life,Venus conjunct Sun and Mercury; Capricorn 9th-house stellium; Scorpio 7th with Pluto,"2nd house Gemini Venus conjunct sun & mercury, NN 9th house Capricorn (stellium), 10th house Saturn in Aquarius. My dream is stability & independence. My biggest downfall in life has been people who are threatened by how easily I attract attention by being authentic and having boundaries. My ability to work so well, communicate with others, diffuse situations and learn easily. I deal with A LOT of narcissist and physical abuse my whole life (I blame 7th house Scorpio with Pluto)"
joy.the.yorkshereterrier,JOY,2026-07-09T02:35:57,0,0,,,,,,,To be rich — so rich,,,No placements,i wanna be rich..so richhhhhhh
lanaturalezaesvida2,Claudia Rico,2026-07-09T02:20:18,0,0,Capricorn,9,Capricorn,10,Capricorn,9,Her mom healed from terminal cancer and living the life she wants; a penthouse in a nice Hong Kong neighborhood; travel,Lately attracts wrong decisions and misery,Mother has terminal cancer,NN given as Capricorn 10th (not whole-sign consistent),"Taurus rising
Venus in Capricorn 9th house
North Node in Capricorn 10th house
Saturn in Capricorn 9th house
I dream for my mom to be healed from her terminal cancer and live the life she wants and for myself live the lifestyle I want in a penthouse in a nice neighborhood in Hong Kong 🇭🇰 and give myself all the things I want like traveling .
I attract making the wrong decisions and misery lately.
I’m really curious to see what pattern all Taurus rising have in common"
lovenami24,Nami 🫶🏽,2026-07-09T02:19:33,0,0,Aries,11,Cancer,2,Taurus,12,"Leisure — rest, relaxation, massages, nature walks, good food, alone time balanced with a fun social life, unlimited funds for shopping and self-care",Self-worth and boundaries,Has never held a job for a full year,Venus retrograde; houses as stated (not whole-sign consistent — possibly Placidus),"taurus rising here 🧍🏽‍♀️i’ve never had a job a year ever 😭 my venus (rx aries 11H) , north node (cancer 2h), saturn (taurus 12h). My dream is leisure, rest , relaxation , massages, being in nature , walks, good food , alone time balanced w a fun social life, unlimited funds to shop, buy skin care, makeup and playing dress up. what do i feel like i’ve atttacted learning lessons self worth and boundaries"
felicety57,Felicety ᛑᛗᛛ,2026-07-09T02:12:35,0,0,Capricorn,8,Gemini,2,Scorpio,7,"Quiet, comfort, love, acceptance; less stress and more safety — no interest in riches or fame","Attracts broken, lost, sad people; mirrors people back to themselves, which helps some grow and makes others despise her; used to attract narcissists but now protects herself",,Venus given as Capricorn 8th (not whole-sign consistent); 'blub blub club' jellyfish-next-life joke,"i was literally just talking to my friend about coming back as jellyfish in the next life coz this one is HARD (we're calling it the blub blub club and everyone is welcome to join)
venus in Capricorn in the 8th.
north node in Gemini in the 2nd.
saturn in scorpio in the 7th.
what i want from life is quiet, comfort, love, acceptance. I don't care about riches or fame. I just want less stress and more safety than I have had.
as for what I attract into my life? broken people. people who don't know where they're going or what they want. people who feel lost and sad.
i mirror people back to themselves for whatever reason, and it makes some grow, while it makes others despise me.
i used to also attract narcissistic types, but I've started protecting myself against that."
brooke_at,Brooke 🌚,2026-07-09T02:06:38,1,0,Libra,6,Capricorn,8,Aquarius,9,"Financial stability and surplus; a life of leisure, travel and philanthropy; a loving partner and family",Has never had financial help but constantly provides it to others,"Accomplished interior design career with most goals attained, yet constantly feels like she's drowning",Sagittarius stellium in 7th; houses as stated (not whole-sign consistent — possibly Placidus),"Taurus rising, Libra Venus in the 6th house, Sagittarius stellium in the 7th house, Aquarius Saturn in the 9th house, Capricorn north node in 8th house. I think your birthday is a couple days after mine lol.
I’ve accomplished a lot in my career (interior design) and attained most goals I’ve set but I constantly feel like I’m drowning. I’ve never had financial help but have had to provide it to others along the way.
Dreams: Financial stability and surplus. A life of leisure, travel, and philanthropy. A loving partner and family."
user2681595851829,franky,2026-07-09T02:04:28,0,1,Leo,4,Sagittarius,8,Cancer,3,,,,Placements only,"Venus in Leo 4th, NN in sag 8th and Saturn in cancer 3rd"
rocketdoodlex,rocketdoodlex,2026-07-09T01:54:49,0,0,Scorpio,6,Sagittarius,8,Aquarius,11,"Childhood dreams never pursued: writer, actor, psychologist",,,Some houses not whole-sign consistent (possibly Placidus),"scorpio venus 6h, sag nn 8h, saturn aquarius 11h, childhood dreams i never got to pursue: writer, actor, psychologist"
laurenjanel,Lauren,2026-07-09T01:40:25,0,0,Leo,3,Aquarius,9,Capricorn,9,A real mental break — a month in a Swiss mountain cabin with the phone on Do Not Disturb,,"Rollercoaster month: a friend passed, changed jobs (sad/happy), situationship ended, an ex re-entered; exhausted and self-isolating, though finances are solid","Wording garbled: 'Leo Venus in 3rd Cancer * Cap Saturn & Aquarius N Node in 9th Cap' — read as Venus Leo 3rd, Saturn Cap 9th, NN Aquarius 9th","Leo Venus in 3rd Cancer * Cap Saturn & Aquarius N Node in 9th Cap. Accounting for the last month it’s been a roller coaster a friend passed leaving one job for another brought sad/happy vibes, situationship ended, ex entered the chat again it’s been exhausting. Im good with my finances etc. Im in a self isolation mode for sure. I’m pretty tired mentally and I’d like a break, like gimme a month in a cabin in the Swiss mountains phone on DND kinda break"
sisterkate888,SisterKate,2026-07-09T01:40:11,0,0,Libra,6,Aries,12,Aries,12,Financial stability,Attracts users,,,Taurus Rising. Venus 6th house Libra. North Node 12th house Aries. Saturn 12th house Aries. Dream would be to have financial stability. I attract users.
chickenwingmacaroni1025,Rachelle ♏️,2026-07-09T01:37:29,0,1,Sagittarius,8,Taurus,1,Scorpio,7,Travel and take pictures,"Cycles of death and rebirth, literal and figurative; extremes of hate and love bordering on obsession from people","'Call me Murphy' — if it can happen, it has happened to her",Venus conjunct Uranus in 8th; NN conjunct ASC; Saturn conjunct Mercury and Moon in Scorpio; signs/houses partly inferred whole-sign,"You rang??? Venus in 8th conjunct Uranus in the 8th, NN conj ASC in Taurus 1st, Saturn conjunct Mercury & moon in Scorpio. Call me Murphy cause if it’s gonna happen it’s happened to me. My dreams: travel and take pictures. I attract the cycle of death and rebirth literally and figuratively, and the extremes of hate and love that borders obsession from people."
ashh.uhh.leyy,ashh.uhh.leyy,2026-07-09T01:24:45,0,0,Aries,12,Capricorn,9,Aquarius,10,,,Past few years require more than a comment allows,Houses only; Saturn 'directly on my midheaven' taken as 10th; signs inferred whole-sign,"Venus 12th house, Saturn directly on my midheaven, north node 9th house. My past few years require more than the comment would allow.. you can message me tho."
linzmul,linzmul,2026-07-09T01:17:23,0,0,Aries,12,Pisces,11,Capricorn,9,Being a psychologist living in a warm climate with a lot of love,"Pain, narcissists, rejection, impermanence",,NN and Saturn houses inferred whole-sign,Venus Aries 12th north node Pisces. Saturn in Capricorn. Dream : i wish i could be a psychologist living in a warm climate with a lot of love lessons.… I feel like ive attracted a ton of pain and narcissists rejections and impermanence.
meggal971,meggggggan,2026-07-09T01:08:35,0,0,Cancer,3,,,Aquarius,10,,,Lost everything; can't get solid ground to start running again; switched to autopilot,"Taurus Sun and rising; Venus 9°, Chiron Cancer 3rd 23°, Saturn 6°; no NN; Saturn house inferred whole-sign","Taurus Sun & Rising and I have been going through all of it. Lost everything, cannot get solid ground to start running again. I’ve switched to auto pilot. Venus in Cancer in the 3rd house at 9 degrees, Chiron in Cancer in the 3rd house at 23 degrees, Saturn in Aquarius at 6 degrees"
rachel_beee,Rachel B. 🌼,2026-07-09T01:05:15,0,0,Capricorn,10,Virgo,6,Aries,12,,,,Placements only; some houses not whole-sign consistent (possibly Placidus),"Girll you just gave me a whole prompt to journal aboutt ❤️‍🩹 Also have Cap Venus 10H, North node Virgo 6H, Aries Saturn 12H."
comprazki,jona,2026-07-09T01:03:38,1,0,Scorpio,7,Gemini,2,Gemini,2,Travel; exit generational poverty; work in the entertainment industry,"Generational trauma, relationship issues, authority issues",Just graduated with a B.A. in psychology; got into esotericism because life got that horrible; forgetting what stability feels like,,"taurus rising, venus in scorpio(7H), nn in gemini (2H) and saturn in gemini (2H). my dreams is to travel, to exit generational poverty, to work in the entertainment industry. just graduated and obtained my b.a. in psych this year. i literally got into esotericism because life was getting THAT horrible. i attract lessons about generational trauma, relationship issues, authority issues. im still traumatized from when uranus was in taurus too. i am genuinely forgetting what it feels like to be stable."
leenarose111,leenarose,2026-07-09T01:02:11,0,0,Pisces,11,Libra,6,Pisces,11,,,,Placements only,Venus in Pisces 11th house Saturn in Pisces 11th house North node in Libra 6th house
savannahdyal,sav,2026-07-09T00:54:32,0,0,Virgo,5,Leo,4,Taurus,12,"To do absolutely nothing but live — a beautiful home, waking whenever she wants, wonderful food, making music, painting, being outside and swimming; a stress-free life that doesn't require work",Conditioned to help people (eldest daughter); refuses to live a life she isn't happy with,Grew up in poverty; at 26 will be the first in her family with a bachelor's degree; pursuing social work without a sense of direction,"Saturn retrograde, given as Taurus 12H; NN given as 3rd/4th (4th used)","Taurus rising, venus virgo 5th house, Leo NN 3rd/4th house, Saturn rx 12H in Taurus. My dream is to do absolutely nothing but live. I don’t have a dream job or career, I don’t want to work at all. I want to live in a beautiful home, I want to wake up whenever I want, I want to eat wonderful food, I want to make music, I want to paint, I want to be outside and swim, I want to talk to people all the time, I want to have a stress free life that doesn’t require me to work. I grew up in poverty, I’m 26 now and will be the first person in my family with a Bachelor’s degree. I don’t have any direction in life, I don’t know what I’m doing with my life. I think I’ve been conditioned to help people (eldest daughter/Aquarius 10H MC and South Node), and that’s the current path I’m on career wise (pursuing social work), but I genuinely just want to do nothing but live a life that revolves around me and what makes me happy. I have no idea how this is going to come into fruition, but I refuse to live a life that I am not happy with."
bornbellissima,bornbellissima,2026-07-09T00:53:17,0,0,Aquarius,10,Cancer,3,Libra,6,,,,Placements only,"Venus in Aquarius 10th, NN in Cancer 3rd house, Saturn in Libra 6th house"
mustangred1,mustangred1,2026-07-09T00:52:43,0,0,Sagittarius,8,Aries,12,Aries,12,A beautiful home with a lot of land to run an animal rescue farm and grow an orchard,No longer interested in relationships or a career,"Midlife, divorced 10+ years, son in college; moved across the country; currently not working",,"Venus Sagittarius 8th house with both NN and Saturn Aries 12th house. Midlife and divorced 10+ years, son in college. Moved across the country and currently not working. No longer interested in being in a relationship or having a career. Want a beautiful home with a lot of land so I can run an animal rescue farm and have an orchard."
sammbamf,SAMMBAMF,2026-07-09T00:49:11,0,1,Cancer,3,Aquarius,10,,,,,"Going through an identity dissolve; nonprofit career trajectory derailed after witnessing corruption, now disheartened",Venus sign and NN house inferred whole-sign; no Saturn,"Taurus rising, venus in 3rd house, NN in Aquarius…… I am going through an identity dissolve…. I was on non profit trajectory and saw a lot of corruption which has left me disheartened in life"
taittf,Erin,2026-07-09T00:44:08,0,0,Pisces,11,Aries,12,Sagittarius,8,"A beautiful home in the woods near water; a simple, easy source of income (tired of working); successful photography; travel at a whim; stability, peace and beauty",Things just out of reach — good things turn bad as soon as she gets them; lovers who teach profound lessons but never stay,Both parents and a fiancé passed away within a 14-year period; hasn't been able to settle in a career,,"Both my parents and a fiancé passed away in a 14 year period. Haven’t been able to settle in a career but that might just be my aversion to work lol. Venus in Pisces 11th house, Saturn in Sagittarius 8th house, NN in Aries 12th house. My dream would be to have a beautiful home in the woods with a body of water close by, a simple easy source of income (I’m so tired of working!), successful photographer and the ability to travel at a whim. Stability, peace and beauty. What I attract? Things that are JUST out of reach. Good things that turn bad as soon as I get them lol it feels like a curse! But this is mostly in terms of work. I also attract lovers that teach me the most profound lessons but never stay."
stephangelmarie,Stephanie,2026-07-09T00:41:59,0,0,Aries,12,Gemini,2,Scorpio,7,Acting and singing; a huge home for her family; traveling,Attracts envious people and men who try to take advantage; learning to receive instead of doing everything alone,,Houses only; signs inferred whole-sign,"Taurus rising. 12h Venus/2h north node/7h Saturn. My dreams have always been to act and sing. Having a huge home for my family and traveling would be great! Lessons I attract are people who are envious of me, men who try to take advantage of me, and recognizing that although I can do everything on my own..I need to be in the energy of receiving all the time."
briacka,briacka,2026-07-09T00:40:25,0,0,Cancer,3,Cancer,3,Taurus,1,,,The past two years have been very hard,Saturn sign inferred whole-sign; astrologers remark on her many Cancer placements,When I tell you the past 2 years have took me through it. I have a 3h Cancer Venus/NN and a 1h Saturn. When I show my chart to astrologers they are always saying “damn that’s a lot of cancer placements” 🫠🫠🫠
linzizzle8,Linz 💜,2026-07-09T00:39:11,0,0,Libra,6,Taurus,1,Scorpio,6,,,,NN at 29° Taurus; Saturn Scorpio given as 6th (not whole-sign consistent); placements only,Taurus rising…NN at 29degree Taurus…Venus libra 6th house…. Saturn Scorpio 6 house
root.rise.sisterhood,Michelle Pabisz,2026-07-09T00:32:42,0,0,,,,,,,,,,No placements; curiosity only,Very curious to see where you’re going with this!
cyndaquail,brit,2026-07-09T00:31:40,0,0,Gemini,2,Libra,6,Aries,12,"Never needing to work again; freedom to learn, travel, create and explore on her own terms; never worrying about money; maximized health, eating well, feeling well; music events; dressing how she likes",,"Father passed away; chronically stressed and drained by social interactions, worsening for years",,"venus in the 2nd house/gemini, libra/6th house north node, and saturn 12th/aries. dreams - I don’t want to need to work ever again. I want to be free to learn, go and do as I please, so I can pursue life fully. i want to get to the point where I will never worry about money again somehow. then i can travel endlessly, learn on my terms, work because I want to, dress how I’d like to all of the time, and go to any music event I’d like. freedom to create and explore. I’d love to not only not feel chronically stressed, but I’d like to maximize my health, eat well consistently, move on my schedule, and feel well regularly. i deeply want to not feel stressed and drained by social interactions, be able to trust others and participate in the communities I’m part of, which has gotten considerably worse since my dad passed / been worsening for years"
blazesuicide,🧿🪬🖤,2026-07-09T00:27:35,0,0,Gemini,2,Scorpio,7,Pisces,11,Unsure — make money; nothing really calls out to her yet,Betrayal in friendships and relationships whenever she gets comfortable or opens up; family holding power over her attempts at independence,Hospitalized after a breakup in May (anxiety attack); ex blocked her; grieving on antidepressants; plans to return to school back to square one,,"I’m Taurus rising, Gemini 2nd Venus, NN Scorpio 7h, & Pisces Saturn 11h. My dream idek man money make money? I haven’t had real job I’ve done side jobs, but nothing really calls out to me? If that makes sense? Me what I attract? betrayal rather it’s jn friendships or relationships everytime I get comfy or more open then they leave or hurt me some sort of way. Majorly of my life I feel like my family has power over me never let me do things on my own even when I try I feel like it blows up in my face. Rn I’m actually going through it I was hospitalized after I got dumped back in May due to anxiety attack even tho my ex did show up he blocked me as of a week ago now I’m just grieving on antidepressants I just feel v lost in the moment cuz I was planning go back to school now I’m back to square one."
driftedbydreams,🖤 Miche 🖤,2026-07-09T00:26:42,0,1,Taurus,1,Aries,12,Sagittarius,8,,,Has never had a stable life,Taurus Venus and Moon on the rising; NN/Saturn signs inferred whole-sign from houses,Taurus rising Venus and moon. Haven’t had a stable life in… ever. NN in 12. Saturn 8th.
sunsetfiree,blossom 🌺,2026-07-09T00:22:07,0,0,Taurus,1,Aries,12,Pisces,11,,,,Houses only; signs inferred whole-sign; placements only,"Taurus rising here. venus 1st house, saturn 11th house. north node 12th."
beyonce.org,user29167062987,2026-07-09T00:21:06,0,1,Capricorn,8,Cancer,3,Gemini,1,,,,Placements only; houses as stated (not whole-sign consistent — possibly Placidus),"Cap Venus 8th house, north node cancer 3rd house, Saturn Gemini 1st house"
inspiretobeher,𝓘𝓷𝓼𝓹𝓲𝓻𝓮,2026-07-09T00:15:14,0,0,Virgo,6,Sagittarius,8,Aquarius,10,Travel the world alone and enjoy her freedom,Attracts pain from unhealed relationships and fixing people up,,Saturn retrograde; Venus Virgo given as 6th (not whole-sign consistent),Taurus rising Venus in Virgo 6th house Sagittarius in NN 8th house and Saturn in Aquarius 10 house in retrograde. My dream is to travel the world alone and enjoy my freedom and it seems like I attract pain from relationships unhealed and fixing people up.
gabriellasann,gebgebgeb,2026-07-09T00:13:31,0,0,Pisces,11,Virgo,5,Aries,12,Slow living near nature with unlimited money; build a place for abandoned/stray animals to have a good life,,"Lost job in August 2025, not working since (enjoying slow mornings); lost a friend where she was the only one carrying the relationship",,"Taurus rising, with pisces venus 11h - virgo nn 5h, aries saturn 12h.. Lost job in August 25, I don't work til now lol but I'm happy to do my slow morning 🤣 lost my friend, because we don't have mutual interest - what I mean by that = I was only the one who carrying the relationship.. And I'm tired..
My dream ? slow living near nature with unlimited money resources 🤣 another dream is I like to build a place for abandoned/ stray animals - so they have a good life 🙂"
phoenixeclipsemoon1111,phoenixeclipseflame555,2026-07-09T00:07:04,0,0,Scorpio,6,Libra,6,,,,,,Garbled: '12th horse Venus in Scorpio 6th house and descendant' — read as Venus Scorpio 6th/descendant; no Saturn; placements only,"taurus rising 12th horse Venus in Scorpio 6th house and descendant, and north node in libra 6th house"
its.fronk,itsFronk,2026-07-08T23:59:45,0,1,,,Aries,12,Sagittarius,8,"Continue her career solo/freelance, working from anywhere; cats in her life again; romance; travel to Asia and New Zealand; peace, balance, creativity, art, people who see her",Constantly attracts people going through things she's already been through; becomes their cheerleader and helper,Contract ended in February with no work since; confronted family about not showing up for her and they're unhappy,No Venus given,"♉️⬆️, NN in Aries 12H, Saturn in Sagittarius in 8H. Been going through it daily. Contract completed in February and no work since. Confronted family about not showing up for me. They are not happy. Dreams would be to continue my career but more solo / freelance. I want to be able to work anywhere. I want cats in my life again. I want to help others but I’m not there yet. I’ll get there. I constantly attract people who are going through things I’ve been through before. I’m typically the cheerleader and the one to help them through. I want romance, travel to Asia and New Zealand one day (hobbit land 😂). I want peace and balance. Creativity. Art. People who see me."
leidibyrd,Leidi Byrd,2026-07-08T23:57:37,0,0,Aries,12,Taurus,12,Scorpio,6,"Entrepreneurship, van life, being debt-free, financial stability",More work keeps landing on her without much financial gain,Low income her whole adult life; contract work with multiple jobs at once,"Venus with Mars and Lilith; NN Taurus 'on the 12th house side'; Saturn 6th with Pluto (as stated, not whole-sign consistent)","Venus in 12th house Aries (with mars and Lilith), north node in Taurus (12th house side), Saturn in 6th house Scorpio (with Pluto)… dreams: entrepreneur, van life, debt free, financial stability… my whole adult life I’ve been low income and contract life I’ve always had multiple jobs at once more work seems to be put on me but not much financial gain"
courtneyc0re,courtney 💘✨,2026-07-08T23:55:50,0,1,Aries,12,Gemini,2,Gemini,2,Wants the world to stop and time to breathe,Attracts people and lessons where she ignores her intuition because she cares so deeply,Found out her boyfriend of 2 years misled her and hid an addiction while she planned to move in; rough year,0° Taurus rising,"0 degrees Taurus rising. Aries Venus (12h), Gemini Saturn (2h) and Gemini NN (2h). Found out my boyfriend of 2 years has been misleading me and hiding an addic*on from me while I was planning on moving in. I want the world to stop and time to breathe. I tend to attract people and lessons where I ignore my intuition because I care so deeply. Rough year."
makthesim,Mak,2026-07-08T23:54:50,0,0,Aquarius,10,Leo,4,Taurus,1,"Stability — a nice home, reliable car, good friends, and an enjoyable job; becoming an elementary art teacher",,,,"Venus in Aquarius 10th house, north node in Leo 4th house and Saturn in Taurus first house. I just want to have stability. A nice home, reliable car, good friends, and a job that I enjoy going to. Currently in pursuit of being an elementary art teacher."
whataluckyducky,•** 🄻🅄🄲🄺🅈 🄳🅄🄲🄺🅈 **•.,2026-07-08T23:51:41,0,0,Scorpio,7,Taurus,1,Scorpio,7,Legacy-level community building; a forest with a plaque commemorating her; her own house and a better car; never worrying about basic needs,Lifelong lessons with men and intimate relationships — now closed,,"Taurus 1st-house stellium (Moon, NN); Venus-Saturn-Pluto stellium in Scorpio 7th","Taurus stelli Moon, NN, sec 1h, Venus Saturn Pluto stelli in Scorpio 7h. my dreams are legacy level community building, a good forest with a plaque commemorating me, my own house bad a better car/. ASIC needs never have to worry about. my weakness is intimate relationships and I've attracted lessons with men all my life and finally that's closed. if you want to chat w me, I can give you a heck of a story following my astrology patterns."
alissamcdonald118,Alissa McDonald,2026-07-08T23:51:15,0,0,Scorpio,7,Sagittarius,8,Aquarius,11,About to retire and paint on the coast somewhere — feels she's done and seen enough,,In a state of anhedonia but showing up more authentically than ever,Saturn given as Aquarius 11th (not whole-sign consistent),"Venus Scorpio 7th, nn sag 8th, Saturn Aquarius 11th. In a state or anhedonia but showing up more authentically than I ever have 🤷‍♀️I feel like I’ve done enough and seen enough so I’m about to retire and paint on the coast somewhere"
buztedbalzz,buztedbalzz,2026-07-08T23:44:47,1,0,Taurus,1,,,,,,,,"Taurus Sun and rising; Venus 1st (sign inferred whole-sign); Scorpio Moon 6th, Capricorn Pluto 8th; no NN/Saturn",Taurus sun rising Venus 1h. Scorpio moon 6h: Pluto 8h Capricorn…
vixenmartemez,vixenmartemez,2026-07-08T23:37:10,1,0,Aries,12,Sagittarius,7,Aquarius,11,No real dreams anymore; would like to be more spiritually connected,"Attracts people who trigger her self-worth, self-love and self-respect","No friends for years; lonely and isolating, with dark thoughts when it gets bad",Uses Placidus (stated),"Venus in Aries 12th house, north node in Sagittarius 7th house and Saturn in Aquarius in 11th house - I use placidus instead of whole sign. I have no friends, haven’t for years, it’s very lonely and isolating, I have a fully thought out self execution plan if it ever gets that bad. I don’t have any real dreams anymore, but I’d like to be more spiritually connected. I attract people that trigger my self worth, self love and self respect"
kerilatona,Keri L.,2026-07-08T23:36:31,1,0,Libra,6,Gemini,2,Scorpio,6,,,"Lost two jobs within one month recently, for reasons out of her control",Saturn Scorpio given as 6th (not whole-sign consistent),Taurus rising 🙋‍♀️I lost 2 jobs recently within one month (for reasons out of my control!). Venus in Libra (6h) Saturn in Scorpio (6h) N. Node in Gemini (2h).
cosmicprincessb,CosmicPrincessB,2026-07-08T23:30:11,12,1,Sagittarius,8,Pisces,11,Capricorn,9,Travel the world; several homes in different places; a spiritual community of kindred spirits,,,,"Taurus rising, NN Pisces in 11th house, Cap Saturn 9th house, Venus Sagittarius 8th house. I just want to travel the world, have several homes in diff places, a nice spiritual community with kindred spirits,"
ia.ryah,Ry 💕,2026-07-08T23:22:19,2,3,,,,,,,,,,No placements; asking what the pattern is,Wait so tell us what’s the pattern ???
brookelynnbowers,Brookelynn Bowers,2026-07-08T23:14:10,0,0,Sagittarius,7,Scorpio,6,Pisces,11,,,,NN retrograde; placements only,"Taurus rising here. Venus in Sagittarius 7th house, Saturn in Pisces 11th house, and North node in Scorpio, retrograde 6th house"
69_malia_96,𝖒𝖆𝖑𝖎𝖆,2026-07-08T23:10:45,0,0,Aquarius,10,Sagittarius,8,Libra,6,Travel all around the world,,,,Am a Taurus rising with Venus in Aquarius my 10th house Saturn in libra in my 6th house north node in Sagittarius in my 8th house and I would want to travel all around the world
rachbonn_,Rachel 🍸,2026-07-08T22:58:10,1,0,Aries,12,Aries,12,Sagittarius,8,,Only just recently learned she's allowed to have desires,,Venus and NN conjunct in Aries 12H,"Oh boy.. Venus & North Node in Aries 12th, Saturn in Sagittarius 8th. I’ve only just recently learned that I’m allowed to have desires 🫠"
unearthingholly,Unearthing Holly 💋,2026-07-08T22:48:39,1,1,Leo,4,Capricorn,9,Aquarius,10,"Make money by sharing her life on social media; loves travel, new cultures and languages, being a foodie; likes to inspire others with encouragement",,,,"Hi! Venus is in Leo. Saturn is in Aquarius. N Node in Capricorn. My dream is to make money through sharing my life on social media. I love travel, learning about new cultures and languages, and I’m very much a foodie. I like to inspire others with a good word of encouragement."
danielledaye22,Danielle Daye,2026-07-08T22:42:33,1,0,Gemini,2,Taurus,1,Scorpio,7,"Take vacations, have her own cozy home, some financial freedom, and be at peace","Has attracted low-expression people, controllers, abusers, users; feels she's finally shifting up","Going through it since 2018: abuse, divorce, losing two jobs, losing her house, a car accident, and another narcissistic relationship",,"Venus in Gemini 2H. NN in Taurus 1H. Saturn in Scorpio 7H. I want to be able to take vacations, have my own cozy home, have some financial freedom, and be at peace. I have attracted low expression people, controllers, abusers, users, etc.
I've been going THROUGH IT since 2018. Abuse, divorce, losing 2 jobs, losing house, car accident, and another narcissistic relationship. I do feel I'm shifting up finally, though"
gouldmakesmusic,gouldmakesmusic,2026-07-08T22:31:22,1,0,Aries,12,Virgo,5,Aries,12,"Become a renowned writer, performer, and entertainer; set family and friends up for lifelong happiness; open a nonprofit connecting students with international students (foreign-exchange book club with end-of-year visits); live near a waterfall in a home designed into the environment","Always attracting lessons about drive, responsibility, self-worth, and love",,Venus and Saturn conjunct her Sun in Aries 12H,I have my Venus and Saturn conjunct my sun in Aries 12H and my north node in in Virgo 5th house. My biggest dreams are to become a renowned writer performer and entertainer and use that money to help and include my entire family and friends so I know everyone is set for life long happiness. Also to open a nonprofit in my state that connects students with international students like a foreign exchange book club and at the end of the year you get to visit the place/person you’ve been studying and connecting with. Also I’d like to live near a waterfall and design my home to be structured in the environment around it. I feel like I’m always attracting lessons about drive and responsibility and self worth and love.
kary7020,𝒦𝒶𝓇𝓎💋,2026-07-08T22:28:56,0,0,Aries,12,Taurus,1,Scorpio,7,,Feels she attracts a lot of chaos as of lately,First night being homeless tonight; divorced; went through all her savings; two legal battles; lost her job of 13+ years — lost everything she found stable,,"Venus in Aries in my 12th house. NN in Taurus 1st house. Saturn in Scorpio in my 7th house. literally gonna be my 1st night being homeless. Last couple of years have been brutal. Divorced, went thru all my savings im going thru 2 legal battles. lost my job of 13+ years ...Basically lost everything i found stable. I feel like i attract alot of chaos as of lately."
nickramosfd,Nick,2026-07-08T22:26:21,0,0,Virgo,4,Virgo,4,Taurus,12,Financial stability is the biggest dream at the moment,"Experiences that taught him to trust himself more, and to realize not everyone is capable of caring for other people the way they should",Definitely been going through it,,"Definitely been going through it 😅 Virgo Venus in the 4th house, North Node in Virgo also in the 4th, Taurus Saturn in the 12th. And honestly, financial stability would be the biggest dream atm. I’ve attracted experiences that have taught me to trust myself more, and to realize not everyone is capable of caring for other people the way they should 😅"
curiously.here.2,Curiously Here 2,2026-07-08T22:18:12,0,0,Taurus,1,Aries,12,Aries,12,"After the last decade: peace, solitude, focus on creativity rooted in stability",Attracts people who need her for emotional regulation — it's exhausting,,,"Venus in 1st, north node 12th, saturn 12th. Dream right now…after the last decade…peace, solitude, focus on creativity rooted in stability. I attract people who need me for emotional regulation. It’s exhausting."
marlomacabre,MarloMacabre,2026-07-08T22:15:54,0,0,Virgo,5,Libra,6,Pisces,11,"Live comfortably — eat whatever she wants anywhere, travel freely, sleep in a nice bed; build a quiet dream house with an underground spa; move her body and not be tired; once wanted comedy/entertainment and food/convenience businesses but is losing hope",Learned she can't trust anyone,"Never been in a real relationship at 30; male figures die or leave; bullied and mistreated by women since age 7; built a business in her 20s working 2-3 jobs and lost everything; in and out of the ER; used, abused, and abandoned by friends; neglected and abused by her mother; never fit in anywhere","Venus with Sun in Virgo 5H; NN with Moon, Mercury, Mars in Libra 6H; suppressed the idea of wanting to make existing easier","Okay thanks because I think we’re under represented. I’ve never been a a real relationship as an adult(never engaged, never had a boyfriend or girlfriend, and havent really had s x in 6 years and before that it was kind of difficult too, and I’m 30), I have a sand like grasp on any male figure in my life(they die or go away), and women torture me. I worked really hard in a 20s to start my own business(working 2-3 jobs at a time and providing care for adults(not professionally I did too much for my roommates who I thought were my friends) lost everything and have not been able to grow anything back, I’ve been in and out of the ER, my “friends” turned their backs on me and literally used, abused, and abandoned me so I now have no friends, and I’ve never gotten along with my mother(she neglected and abused me) and adult women have hated me since I was 7(my2nd grade picked on me and female teachers did until I was graduating hs and then just out in the world some women(strangers) automatically dont like me and treat me weird. I’ve been abused at work. I’ve never fit in anywhere. I have Taurus rising, virgo venus in the 5th(with my sun), saturn in pisces in the 11th, and libra north node in the 6th(with my moon mercury and mars). I used to want to be in entertainment but I started tripping and loosing hope when my 20s were ending(I wanted to do comedy and leak into other things like edutainment or events) and before the pandemic I was starting a business and still want to do businesses like in food and convenience(but again Im losing hope). If I could be or have anything rn; I’d like to live comfortably. live to where I can eat whatever I want whenever any restaurant anywhere, travel when and where I want, sleep in a nice bed. I’ve struggled with the idea of want tbh(i’ve spent a lit of time suppressing the idea of want to make existing easier for me.) but I imagine in my fantasies I imagine building a crazy nice house somewhere quite, me being in the underground spa I imagined, and again eating whatever I want(i love food). Also I love fun so I want to move my body and not be tired. I think I learned I cant trust anyone lol"
alarmjed,Alisonn1derland,2026-07-08T22:12:30,0,0,Gemini,3,Leo,5,Leo,5,,,,"Placements only, no narrative",venus in Gemini 3rd house. North node leo & Saturn leo 5th
rociobee_,Rociobee,2026-07-08T22:12:20,0,0,Capricorn,9,Leo,5,Aries,12,,,,"Placements only, no narrative","Cap Venus 9th house , Aries Saturn 12H , Leo NN 5th house"
ggratchan,ggratchan,2026-07-08T22:08:09,0,0,Pisces,11,Capricorn,9,Aquarius,11,,,It's been bad since October last year,,"Taurus rising, Venus in the 11th/pisces, nn in 9th/Cap, Saturn in 11th/aqua. Yeah. It’s been bad since October last year."
edweenuh,Edwina 🇰🇪,2026-07-08T22:08:06,0,0,Sagittarius,8,Virgo,5,Aries,12,"Hates working; passion is helping people and humanitarian work; wants a Chanel flap bag, a Range Rover, and a luxury two-story loft apartment in DC",,,,"Venus in Sagittarius 8th house, Virgo NN in 5th house, Saturn in Aries in 12th house: I hate working, but my passion is helping people and doing humanitarian work, I want a Chanel flap bag, Range Rover, and luxury 2 story loft apartment in dc"
faiththeimaginist,Faith The Imaginist,2026-07-08T21:55:20,1,0,Aquarius,10,Aquarius,11,Capricorn,9,Be a well-respected public speaker and visionary creative director for major brands,"Experiences that made her authentic, resilient, and fearless; learned to quit things quickly; keeps an extremely high self-concept regardless of others' judgments",Lost a lot in the last 4-5 years — the passing of her mother and nephew the biggest; total identity demolition (Uranus through her 1st house),,"I’m a Taurus rising. 10th house Aquarius Venus. 11th house Aquarius North Node. 9th house Saturn in Capricorn. The vision I have for my life is to be a well respected public speaker and visionary creative director for major brands. I feel like I have attracted experiences that have allowed me to be authentic, resilient, and fearless. As a result, I’ve learned to quit things QUICKLY. I’ve lost a lot in the last 4 to 5 years—the passing of my mother and nephew being the biggest. I feel like my identity went through total demolition with Uranus coming through like a huge wrecking ball in my 1st house of self. I have an extremely high self-concept. However, if people were assessing my value based on the amount of people and things I’ve lost this past 5 years—they would have their own analysis. Not that I give a damn as to which conclusion they may have personally drawn."
cozmicdripp,Venus 💋✨🌟,2026-07-08T21:41:55,0,1,Taurus,12,Libra,6,Pisces,11,Be free to travel and experience the world and different cultures; get paid to offer experiences,"Attracts people who need a lot of help — healing emotional wounds or wanting to be carried through life, which she doesn't do anymore",Her mom passed away a month ago; dealing with the loss and grief,,Venus in taurus in the 12h Saturn in the 11h NN in the 6th. My mom just passed away a month ago so I’ve been dealing with the loss and grief from that. My dream is to just be free to travel and experience the world and different cultures and get paid to offer experiences. I feel like I attract people that need help a lot. Whether that’s healing emotional wounds or need someone to carry them through life which I don’t do anymore.
zuzucutie32,Zuzu cutie,2026-07-08T21:39:35,1,0,Leo,4,Libra,6,Pisces,11,Her dreams are prophecies — they always come true,,Lost her dad; lost her job 4 times; losing love and friendships,"Venus conjunct Sun at 25° (5H Placidus / 4H whole sign); NN at 29°; Saturn retrograde; Pluto Scorpio 7H, Jupiter Sagittarius 7H/8H","venus conjunct the sun both at 25 degrees 5th house placidus or 4th house whole sign, nn 29 degrees libra 6th house both house systems and saturn retrograde in pisces 11th house both house systems- ive lost my dad my job 4 times, losing love, losing friendships and my dreams are prophecies they always come true hot addition I have pluto in scorpio 7th house and jupiter in sagittarius 7th house or 8th house whole sign"
thevitaljenn,The Human Design Therapist,2026-07-08T21:38:00,1,0,Pisces,11,Pisces,11,Sagittarius,8,Travel with freedom and flexibility,,,Venus and NN conjunct in Pisces 11H,Venus & NN in 11th Pisces. Saturn in Sag 8th. Dream to travel with freedom and flexibility.
jennifer.white.pigeon,jennifer.white.pigeon,2026-07-08T21:37:04,1,2,Scorpio,7,,,Scorpio,6,,,Working her tail off; no running water at her rental for 2 weeks because she can't afford it,,"I’m a Taurus rising working my tail off and I haven’t had water at my house that I’m renting in 2 weeks because I can’t afford it. Saturn in Scorpio 6th, Venus in 7th house"
itsasimplequestion0,eimaj🫆,2026-07-08T21:35:42,1,0,Leo,5,Scorpio,7,Leo,5,"No dreams or aspirations — saying f it and enjoying whatever time is left; life is good, can't complain",,Stay-at-home mom who hasn't worked in 22 years; separated for 5 years,,"taurus rising. im chillin. venus is in my 5th house in Leo, saturn in 5th house leo and north node in scorpio in 7th house. I dont have any dreams or aspirations. just saying fk it and enjoying whatever time I have left. I haven't worked in 22 years because I was a stay at home mom but we have been seperated for 5 years. life is good. i cant complain."
carrierogers04,Carrie Rogers,2026-07-08T21:31:40,2,0,Scorpio,7,Aquarius,10,Capricorn,9,"Live a fulfilling, relaxing life; be whatever she wants, do whatever she wants, and have the best of everything",Letting go of ideas and people; choosing herself over situations that aren't good for her anymore; willingness to pivot,,,"7h Scorpio Venus
10h Aquarius North Node
9h Capricorn Saturn
Dreams: Live a fulfilling relaxing type of life. Be whatever I want, do whatever I want and have the best of everything.
Lessons: Letting go of ideas, people ect. Choosing myself over situations that aren't good for me anymore. Willingness to pivot."
finding.d0ri,dorii,2026-07-08T21:26:43,1,0,Gemini,2,Taurus,1,Cancer,3,,,,"Placements only, no narrative","2h gemini venus, 1h taurus north node & 3h cancer saturn"
sadgirl.bribri,bri,2026-07-08T21:25:05,0,0,Capricorn,9,Virgo,5,Aries,12,,,Fighting for her life,,"taurus rising that is fighting for my life lol i have a capricorn venus in the 9th house, north node in virgo in the 5th and saturn in aries 12th house"
amyw876,✨🪬 amy 🪬✨,2026-07-08T21:24:13,0,0,Leo,4,Scorpio,7,Leo,4,"Make graphic design (her MFA field, current career) more lucrative; travel more — experience is the best teacher; keep evolving into her north node","Lessons in trust — giving trust and having it broken over and over; learning discernment and objectivity when partnering in business, relationships, friendships",,Moon and Uranus in same sign/house as NN,"Venus in Leo 4th, Saturn in Leo 4th, and NN in Scorpio 7th. As a graphic designer with an MFA in that discipline, I work in this field currently - would love it to be more lucrative than it has been. I’d love to travel more as I’m a student of life and experience is the best teacher. Would love to lean into my NN by continuing to evolve (moon and Uranus live in the same sign and house as NN). 🤷🏼‍♀️Oh and I’ve attracted a lot of lessons in trust - by way of giving my trust and having it broken over and over. And when partnering (in anything business, relationships, friendships), to be as discerning as possible and remain objective as long as possible."
user8784465996935,Lc,2026-07-08T21:18:52,0,0,Cancer,3,Aries,12,Aries,12,,Her life is a lesson for herself and others,Lots of loss — almost everyone gone,Venus with Mars and Sun in Cancer 3H; NN with Saturn and Chiron in Aries 12H,"Venus/Mars/Sun 3rd cancer, north node Saturn Chiron Aries 12th. Lots of loss, I have stories. Almost everyone gone. My life is a lesson for me and others."
alice.estelle,No?,2026-07-08T21:17:22,0,0,Cancer,3,Cancer,3,Taurus,1,Finding where she belongs; falling in love; feeling like her life has fallen into place,"Attracts insane stuff: near-death experiences, medical events, crazy people",Been going through it her whole life,,"I’ve been going through it my whole life but but my Saturn is in 1st, Venus and NN in 3h. I dream about finding where I belong, falling in love, and feeling like my life has fallen into place. And I attract insane stuff in my life: near death experiences, medical events, crazy people, etc."
lrii9l,Be,2026-07-08T21:08:32,0,0,Pisces,11,Pisces,11,Leo,4,"A stable life, financially and physically; many real and genuine friendships and relationships (her walls are always up); most importantly freedom","Lessons about staying alert — expect the unexpected, never fully trust the situation; attracts Pisces placements (especially moons and mars) and cancer mars; attracts insecure people who don't know what they want","Last 2-3 years: lost formative friendships, feeling stuck, trouble continuing education; dad recently passed away",NN retrograde; Saturn retrograde,"Pisces Venus in 11th, Pisces North node also in 11th (retrograde), Leo Saturn in 4th also retrograde. I thought i wasnt the targeted audience until u mentioned losing a loved one, i dont know what time frame you’re asking about exactly but these last 2-3 years been crazy, i lost friendships that shaped me and losing them changed me, been feeling stuck in the same place, having troubles with continuing my education, and just recently my dad passed away. My dream is to live a stable life in the future, financially and physically, to have many real and genuine good connections friendships and relationships bc i seem to lack them, my walls are always up, and most importantly freedom. I feel like all the lessons i attracted was about staying alert if that makes sense, expect the unexpected and never fully trust the situation, if you’re asking about the ppl i attract i genuinely am SICK of how much i attract pisces placements, especially moons and mars, also cancer mars idk what is it with water and fire placements ive been noticing a pattern lol i wish i understood why, personality wise i would say i attract people that don’t know what tf they want or act like they’re sure of themselves when they’re not, just insecure actions in general"
vicgoreiaaa,vicgoreiaaa,2026-07-08T21:02:57,0,0,Virgo,4,Gemini,2,Libra,6,,,Been going through it and not much is going well,,"Venus in Virgo 4th h, Gemini north node, Saturn in 6th h. Have been going through it and not much is going well"
stephyy.cc,Stephy 🌸,2026-07-08T20:57:39,0,0,Aquarius,10,Virgo,5,Aries,12,"More security with immigration, income, and stability","Attracting people who underestimate, belittle, or condescend to her because of her situation",,,"I’m a Taurus rising 🙋🏾‍♀️Aquarius Venus in 10H, north node in Virgo, Saturn in Aries 12H. Dream: more security with immigration, income and stability. I’ve been attracting people who underestimate me, belittle me or condescend to me because of the situation I’ve been in."
bluishtigers,Mayi,2026-07-08T20:50:41,0,1,Aries,12,Aquarius,10,Capricorn,9,"Peace in her heart, hope, lush and beautiful open spaces; physical strength and confidence after an upcoming surgery",Attracts fellow feelers and thinkers; gets messages through books and walks,Relationship struggles complicated by having a kid together; out of work for the summer; financial stress; upcoming surgery; deep-cleaning and reorganizing the apartment,,"Ah my relationship is going through it, but having a kid together makes it extra complicated and hard to figure out the next steps. also out of work for the summer, and finances are stressful right now. in the middle of apartment deep cleaning and reorganization. As for dreams, I am dreaming of peace in my heart, hope, lush and beautiful open spaces. I have a surgery coming up, and I hope it will make exercise easier, because I'm craving physical strength and more confidence. I attract fellow feelers & thinkers. I get messages through books and walks. I have Venus in Aries in my 12th house, Saturn in Cap in 9th, and North Node in Aquarius in 10th."
awaitingragnorok,Uki K,2026-07-08T20:37:41,0,0,Pisces,11,Virgo,5,Aries,12,"Work that gives back to the world, supports sustainable change, and helps people work better together — through research and social engagement",Consistency — in her work and health; making time to enjoy artistic things again while juggling work,,,"Taurus rising, Pisces Venus (11th), Saturn in Aries and north node in Virgo. And uh..I have a lot of interests. 😅 But ultimately I want the work I do to give back to the world in a way that supports sustainable change and helps us all work better together; some of that is through doing a lot of research and social engagement. But a lesson I learned is consistency: with the work I’m doing and for my health too. And finding time to enjoy doing artistic things. Getting back into that while juggling work."
katttmack,Katie Mack,2026-07-08T20:30:45,1,1,Aries,12,Virgo,6,Aries,12,,,Got an office job last August after 5 years bartending; lost essentially all close friends; struggling financially since the new job; everything has gone to shit over the past year,Venus and Saturn both in Aries 12H,"Venus and Saturn in Aries in my 12th house and my north node in Virgo in the 6th house. Got an office job last August after bartending for 5 years, lost essentially all of my close friends, I’ve been struggling financially since getting this new job, and it feels like everything has gone to shit over the past year"
sofa28281,Soph,2026-07-08T20:30:11,0,0,Aquarius,10,Scorpio,7,Pisces,11,"Stability; the big unrealistic version: travel, leisure, and being able to spoil her friends",,A 12-year relationship splitting up; starting therapy to process childhood trauma; realizing how codependent she is; identity crisis,,"Taurus rising going through a 12 year relationship splitting up, starting therapy to process childhood trauma, realizing how codependent I am and having an identity crisis - venus is 10h Aquarius. North node is 7h Scorpio. Saturn is 11h Pisces. Dream is stability. If I’m doing big unrealistic dreams, travel and leisure and being able to spoil my friends."
pinkiepie0326,Brooklynn,2026-07-08T20:20:32,0,0,Aries,12,Aries,12,Cancer,3,To be admired for something she has done,Attracts opportunities to speak her mind and be herself — but can't take them; huge people pleaser,Never been in a relationship at 21; pulls away whenever she gets close; identity issues,,"I’m 12th house Venus and north node and 3rd house Saturn…. I’ve never been in a relationship im 21 and anytime I’m close I just pull away I have a lot of identity issues lol. I think I attract a lot of opportunities to speak my mind or to be myself and I can’t I’m a huge people pleaser. My dream is to be admired for something I’ve done, Im just cliche like that LOL"
dest1ny420,-,2026-07-08T20:05:07,1,0,Gemini,2,Leo,4,Taurus,1,Move abroad and live a nomadic lifestyle working for herself — finally doing it after being let go a couple weeks ago,Attracted a lot of hidden enemies this year (a constant — 12H stellium),Let go from her job a couple of weeks ago,Has a 12H stellium,"Venus 2nd house in Gemini, NN 4th house in Leo, Saturn 1st house Taurus 😅 - my dream for a while has been to move abroad and live a nomadic lifestyle where I work for myself which I’m now finally doing after being let go from my job a couple weeks ago. This year specifically I’ve attracted a lot of hidden enemies but I also have a 12th house stellium so that’s always been a constant"
beepylop,Piklipi,2026-07-08T19:57:48,0,0,,,,,,,,,,"Meta comment, no survey data — asks what Taurus risings are in Vedic astrology",I would love to know what taurus risings are in vedic astrology
drivingmecoconuts,Coconut 🥥,2026-07-08T19:52:55,1,0,Pisces,10,Scorpio,7,Pisces,10,,,,"Placements only, no narrative","Venus in Pisces, 10th house. Saturn in Pisces, 10th house. North Node in Scorpio, 7th house."
ninjbrah,ninjbrah,2026-07-08T19:43:10,1,0,Leo,4,Sagittarius,8,Cancer,3,"Crazy wealth, freedom, time, good people, health, more time to work out, leveling up psychically and spiritually",,"Problems with health, work, job, money, girlfriend",,"Taurus rising. venus 4h leo. sat 3h cancer. nn 8h sag. been going through problems with health, work, job, money, gf. dreams crazy wealth, freedom, time, good people, health, more time to work out, level up psychically and spiritually"
violet_psalm465,violet_psalm465,2026-07-08T19:35:20,1,1,Gemini,2,Pisces,11,Sagittarius,8,Feel secure within relationships of all kinds; have her own business of her own creative creations,"Feels she brings karma to those who wrong her; triggers people's demons with boundaries and consistency, offers patience to change, walks away if they don't","Feels betrayed by close relationships; fallouts with many family members on both her side and her husband's; her mom is a huge, steady part of her life",,Taurus rising. Venus in Gemini 2nd house. Sagittarius Saturn in the 8th house. North node in Pisces in the 11th house. I would like to feel secure within my relationships of all kinds. I feel betrayed by close relationships. My mom is a huge part of my life. She has always been there for me. I’ve had a fallouts with many many family members from my husbands side as well as my side. I would like to have my own business if my own creative creations. I feel like I bring karma to those who have wronged me and everyone around them who won’t stand up for the right thing. I trigger their demons with boundaries and consistency but also with patience for them to change. If they don’t change I walk away and never or hardly ever return.
beloolaaa,beloolaaa,2026-07-08T19:32:44,0,0,,,,,,,,,,"Meta comment, no survey data — curious what the creator is putting together; see her data row 15 seconds earlier",Curious what ur thinking about/putting together
beloolaaa,beloolaaa,2026-07-08T19:32:29,1,0,Leo,5,Cancer,3,Gemini,2,Start a nonprofit; be a writer; create community gardens; build community; share her art; a community farm that functions as a third space,"Lessons on love and connection, plus big lessons about money and fears",Been put through the wringer,,"Hi! Been put through the fucking wringer. I have Leo Venus 5th, NN cancer 3rd house, and Saturn Gemini 2nd house. I want to start a nonprofit, be a writer, create community gardens, build community, share my art, and to have a community farm that functions as a third space. I feel I’ve attracted lessons on love and connection as well as big fat lessons about money, and fears."
roseeaboveit,ROSEE ABOVE INFLUENCE,2026-07-08T19:26:43,1,0,Scorpio,7,Leo,4,Taurus,1,Be a successful woman with a beautiful family; build an empire with her husband,,,,"Venus is in Scorpio in my seventh house north nodeis in Leo my fourth house. Saturn is in my first house Taurus rising, I just want to be a successful woman with a beautiful family, I want to build an empire with my husband"
kellynn.danae,Kellynn ✨,2026-07-08T19:23:01,0,0,Leo,4,Leo,5,Taurus,1,,Been through hell since ~2019 (attributes it to 8H Pluto plus these placements),,"Technically Aries rising at 28°, chart functions like Taurus rising; Venus conjunct NN; Pluto in 8H","Ok I’m technically an Aries rising, but it’s at 28°, so my chart is really set up like a Taurus rising. I have a Taurus Saturn in 1h, Leo Venus in my 4h which is conjunct my Leo nn in my 5h. Pair all that with an 8H Pluto and that explains why is been thru hell since like 2019 fr 😀"
collaqsed,Bon 🦇,2026-07-08T19:20:32,1,0,Sagittarius,8,Taurus,1,Cancer,3,Find a job and move abroad (for safety); wants a partner but losing hope in dating,Learning independence (credits 8H placements); draining one-sided friendships; can't rely on others,"Struggling with all relationships, romantic and platonic; friends vent to her without reciprocity; job market and immigration feel hopeless",Has a T-square,"Taurus Rising here with my North node in 1st/Taurus, Venus in 8th/Sagittarius, and Saturn is in my 3rd/Cancer. Lately I’m really struggling with relationships, not just romantic but platonic as well. It’s hard to maintain a stable relationship with anyone. I’ve tried dating a few people but they’ve been really either really dry or have their own issues to resolve before they’re ready for a relationship. As for friendships, I don’t have many. My friends tend to vent to me a lot, sometimes without even asking for permission so it’s very draining at times because most of the time I just want a lighthearted conversation with someone to distract myself from my own problems. It’s also tough because I don’t feel like I have anyone I can rely on. Whenever I open up, my friends would either brush it aside or make it about them. (Though they’re just relating to my issues with theirs as a way to connect but it always ends up me comforting them.) Frankly I’m slowly giving up on finding a partner even if I want one because the dating scene is just grim right now. I’m trying to be independent, which could also be encouraged with my 8th house placements. Currently I’m working towards on finding a job and moving abroad for safety reasons but given how the job market and immigration situation are, it feels hopeless. I also have a T square if that helps you."
thethirdperspectiv,hiddenfrequency,2026-07-08T19:15:49,5,5,Gemini,2,Libra,6,Aries,12,,Trained self to expect failure before starting; self-worth tied to job/paycheck; familiar felt safe even when hated,"Grew up with no money or safety net; skipped university due to self-doubt; stayed 9 years in a retail job meant to be temporary, climbed to management; currently in Saturn return",Had 3 replies (story continues) — replies unretrievable due to provider ID truncation,"Venus in Gemini 2nd House, North Node in Libra 6th, currently in my Saturn Return in Aries 12th House. This one’s personal.
I grew up with nothing stable. No money, no safety net. So I trained myself to expect things to fail before they even start. It’s easier to brace for the worst than to hope and get let down again. Never went to university because school made me feel stupid, even though deep down I knew I wasn’t. Self doubt won that fight. So I took a retail job that was never supposed to last and stayed 9 years.
I climbed the ladder. Got to management. And then it hit me, my whole sense of worth was tied to that job and that paycheck, which wasn’t even much. I hated it. But it was familiar, and familiar felt safe."
sassiethacrack,Ms.Dangerous THE OG,2026-07-08T19:09:21,0,0,Sagittarius,7,Gemini,1,Gemini,2,A loft; make music in peace; stable income; either a private life with a partner or big stardom,Attracts avoidants; losing a lot but believes it's for the better,Lost friends; ex of 3 years moved on in 2 weeks; mom in court and needs money from her; moving out for the first time at 23; in a 12th-house profection year and personal 9 year,,"Taurus rising Venus in sag in the 7th north node in Gemini in the 1st and Saturn in the 2nd….i want a loft lmasososo and to make my music peace and just a stable income if i can be private with my boo cool or if i could be a BIG HUGE STAR id love that too LMAO. I’ve lost friends, my ex who I was dating for 3 years moved on in 2 weeks, my mom had to go to court and needs money from me and I’m moving out finally for the first time in my life , I’m 23 so I’m in a 12th house year and personal 9 year so IM LOSING ALOT and I’m dying. But it’s for the better I believe and hope and pray LMAO… and yea I attract avoidants"
alisunchild,marko,2026-07-08T19:08:33,1,1,Libra,6,Capricorn,9,Aquarius,9,,"Relationships carry themes of power dynamics, control, and emotional intensity (credits Scorpio 7H)","Expansions of consciousness, pattern recognition, synchronicities; moving back with family, which surfaces childhood trauma around religion, gender, sexuality, and family expectations; deconstructed the faith they were raised in without telling family",,"Taurus rising here! libra venus in the 6th house, aquarius saturn in the 9th house, capricorn north node in the 9th house. what i’m going through are expansions of consciousness and greater pattern recognition / synchronicities. moving back home with my family at the end of the month which brings up childhood trauma around spirituality/religion and my identity related to gender, sexuality, and external familial/community expectations. ive deconstructed the faith i was raised in without disclosing that to my family as i prepare to live with them again. been in two long term relationships and they tend to have themes around power dynamics and control and emotional intensity (scorpio 7th house obvi)"
yesofcoursenotyes,yesofcoursenotyes,2026-07-08T18:55:33,1,0,Sagittarius,8,Taurus,1,Scorpio,7,"Wants her ex back; no closure, still hurts; doubts she'll love anyone as much again",Attracts responsibility (Sun conjunct Saturn),,Scorpio sun; Sun and Pluto also in 7H with Saturn; lots of conjunctions; answered because anonymous,"I'm a Scorp w/Taurus rising, NN in Taurus in the 1st. Saturn in Scorp in 7th (I also have my sun snd pluto here 😳). Sag venus in 8th. Lots of conjunctions. I'm only admitting this because I'm anonymous, but I want my ex back. There was no closure from him, and it hurt and still hurts. I don't think I'll ever love or like anyone as much again. I attract responsibility. My sun conjuncts saturn, so maybe that's why."
sarsameow,sarsameow,2026-07-08T18:54:17,1,0,Aquarius,10,Sagittarius,8,Aquarius,10,Move to another country; live on the beach or in a large warm city; run a clothing company or interior design firm,Constantly forced to detach and be reminded nothing is permanent — hates it,,,"Venus 10h, NN 8h, Saturn 10h. I want to move to another country, live on the beach or in a large warm city, run a clothing company or interior design firm. I think im constantly forced to detach and be reminded that nothing is permanent. I hate that."
brittrockshair,Brittrockshair,2026-07-08T18:50:53,1,0,Sagittarius,8,Pisces,11,Capricorn,9,"Live like a hobbit: a home with a salon in it, close to a small downtown",Feels she has to work harder than everyone; learned to keep to herself; constantly learning and giving information; the old dream of traveling the world/moving abroad died,Family abuse; dated abusers; several family deaths; self-sufficient since 18; repeated forced relocations; loves her career but it's been hell; happily married to her best friend,Capricorn sun / stellium,"Taurus rising cap sun/stellium Venus sag in 8th Saturn cap 9th nn Pisces 11th I literally just want to live like a hobbit have a home with a salon in it and live close to a small downtown I feel like I have to work harder than anyone I’m not gonna get to you into it, but I’ve experienced family abuse dated abusers I am extremely lucky to be married to my best friend and that has been wonderful I have experienced several family deaths over the years. I’ve had to pretty much be self-sufficient since 18. I would move somewhere and think that this is it and then I would have to relocate. I love my career, but it’s also been hell and I’ve learned over the years to keep to myself. I don’t trust a lot of people. I have friends that I trust. I feel like I am constantly learning and giving information and I used to dream about traveling the world and moving to a different country, but that dream died a long time ago"
a_dre_day,Dre,2026-07-08T18:47:16,2,0,Leo,4,Aquarius,10,Capricorn,10,Live at the intersection of sociology and comedy — helping people feel less alone while laughing at shared experiences; financial freedom,,Going through what can only be described as an ego death,Offered to help synthesize insights professionally,"Taurus Rising going through what can only be described as an ego death- Leo Venus 4H, Aquarius North Node 10H, Capricorn Saturn 10H. My dream is to live at the intersection of sociology and comedy where people don’t feel alone, but also can laugh at our shared experiences. Oh and financial freedom!
Can’t wait to hear about what you discover and I’d be happy to help you synthesize insights (it is my profession after all!)"
chantel.beauty,Chantel,2026-07-08T18:42:37,1,0,Taurus,1,Scorpio,7,Pisces,11,"A stable, well-paying job; wants to help others around her",Attracting discomfort; can't be frivolous; jobs don't last — something always happens,,,"Venus taurus, north node scorpio 7th, Saturn Pisces 11th. Dreams lol to have a stable, well paying freaking job. I like to help, I want to help others around me but its kinda difficult at the moment....I think im attracting discomfort. I literally cant be frivolous my jobs dont last. Even when i think they will something happens they dont 🙃"
raisedbythetv89,𝔞𝔲𝔫𝔱𝔦𝔢 🐈‍⬛,2026-07-08T18:35:53,1,0,Leo,4,Capricorn,9,Aquarius,9,,Losing literally everyone — down to a circle of two people in different places,"Lost parents, friends, boyfriends; can't work; major disruption in living situation; past starvation, now strong in recovery","Venus rx conjunct Jupiter and Mercury, squares rising; NN rx conjunct Neptune rx, Lilith, Juno; Saturn rx conjunct MC, opposing Chiron","losing everyone around me like literally everyone, parents, friends, boyfriends right now my circle is TWO people who both live in different places, can’t work, so much disruption in my living situation and also starvation (but that particular struggle is in the past and am strong in the recovery phase atp) so the way you hit every single thing on the head 💀 venus is in rx in leo in my 4H (it’s conjunct my Jupiter and mercury and squares my rising) NN is in capricorn in the 9H (also rx conjunct my rx neptune, Lilith, and juno while trine/sextiling my 12H taurus moon and 6H scorpio pluto) and my saturn is also in the 9H but in aquarius (also retrograde, conjunct my MC and opposing my chiron) 💀"
harmonygirlvvv,Gi Gi,2026-07-08T18:32:16,1,1,Scorpio,7,Leo,4,Aquarius,10,,,,"Placements only, no narrative",Venus in Scorpio north node in Leo Saturn in Aquarius
1245_zxyw,Ummmm,2026-07-08T18:24:44,2,0,Libra,6,Aquarius,10,Capricorn,9,Make money doing what she loves; health; friends; feeling good about herself,"Always learning to work with what she has, go where she's already wanted and loved — stop grass-is-greener thinking",Past 10 years of multiple very invasive emergency surgeries and health issues,,"Venus 6th, north node 10th, Saturn 9th… dream is to make money doing what I love, health, friends, to feel good about myself. I feel like I’m always learning to work with what I have, go where I’m already wanted and loved>> basically stop with the grass is greener. Been going through it the last 10 years with multiple very invasive emergency surgeries and health issues."
allynicmac,AllyNicMac 🥀,2026-07-08T18:22:06,2,0,Aquarius,10,Capricorn,9,Aquarius,10,"Money and unlimited resources to help friends and family; live in a wildflower field away from society with husband, son, and animals",Lessons that teach her to never get too comfortable and always expect the unexpected; always waiting for the other shoe to drop,,"Aquarius stellium in 10H: Moon, Venus, Mars, Saturn, Lilith","taurus rising. aquarius stellium in the 10th house (moon, venus, Mars, Saturn, Lilith). north node is Capricorn. my dream is to just have money and unlimited resources to help my friends and family. maybe live in a wildflower field away from society with my husband and son and a bunch of animals lol I attract lessons that teach me to never get too comfortable and to always expect the unexpected. always waiting for the other shoe to drop."
xclaireliz,claire 🌙,2026-07-08T18:21:00,1,0,Pisces,11,Leo,4,Aries,12,Financial freedom; own her own home and land to live off of,Needs community but never seems to have it; always ends up very independent and self-reliant instead,Just started her own small business,,Venus in Pisces in the 11th house. North Node in Leo in the 4th house and Saturn in Aries in the 12th house. Just started my own small business - I want to be financially free to own my own home and land to live off of. I feel like I need community but never seem to have it and always end up being very independent and self reliant instead
smolcaro,Caro ♡,2026-07-08T18:01:09,1,0,Scorpio,7,Leo,4,Aries,12,"A slow life with the person she loves most; chickens, a cozy home, kids; become a therapist or counselor (applying to grad school)",,Single — the person she thought was the love of her life left,,"venus in scorpio, north node in leo, saturn in aries. i just want a slow life with the person i love the most (i am single now unfortunately what i thought was the loml dipped) i want chickens and a cozy home and kids but i also wanna be a therapist or counselor and am trying to get into grad school"
peabean.e,PeaBean,2026-07-08T17:59:44,3,1,Taurus,1,Capricorn,9,Aquarius,10,,,,"Placements only, no narrative","Venus, 1 house. North node, Capricorn 9, Saturn , Aquarius 10"
lacylu93,Lacy Lu,2026-07-08T17:59:31,1,0,Aries,12,Sagittarius,8,Aquarius,10,Travel often between her and her loved ones' homes across the globe; create a beautiful family,Has attracted 'demons and angels' — themes of life and death with bright shining harmony in between,,Sun in 10H with Saturn,"Venus 12th in Aries, north node 8th sag, Saturn 10th Aquarius with my sun. My dream is to travel often between mine and my loved one’s homes across the globe & to create a beautiful family. I feel I’ve attracted demons and angels into my life. 💝 themes of life and death, and bright shining harmony in between"
0liverpope,OIiverPope,2026-07-08T17:52:04,0,0,Virgo,5,Capricorn,9,Aquarius,10,Travel and be free,Not meant to do anything fast — life goes to shambles when trying too hard; attracts people who need security and problems to solve that usually aren't his own,,,"Virgo Venus in 5th , Aquarius Saturn in 10th, Capricorn North Node. I just want to travel and be free. I don’t think I’m meant to do anything fast. My life goes to shambles every time I try to hard. I seem to attract people who need security. I feel like I attract problems to solve. Usually not my own."
strawhatibby,ibby,2026-07-08T17:51:55,1,0,Aries,12,Libra,6,Pisces,11,"Friends, community, and lasting relationships","Attracts people who want sex or superficial relationships, not deeper connection",Absolutely going through it,,"Taurus Rising here who is absolutely going through it. Aries Venus in the 12th house, Libra North Node in 6th, Pisces Saturn in the 11th house. My dream is to have friends and community, and lasting relationships. I feel like I attract other people who want sex or superficial relationships from me, but are not interested in deeper connections."
cockatoosnafu,cockatoosnafu,2026-07-08T17:50:29,1,0,Aries,12,Pisces,11,Sagittarius,8,"Peace, resources, her own corner of the world, passionate and safe love",Attracts people who need someone to hold space for them; 'annoying luck' — bad things resolve themselves at the final hour,Ended a 12-year relationship 3 years ago; lost her mom and best friend to death within 1 year; lost friends to mental illness; grew up malnourished,,"3 years ago ended a 12 year relationship, lost my mom and befriend to death within 1 year, lost friends to mental illness. Grew up malnourished. Venus in 12th (Aries), Saturn in 8th (Sagittarius), north node in 11th (Pisces). Dreams- peace, resources, my own corner of the world, passionate and safe love. What I attract- people who need someone to hold space for them, I think I’m lucky but in a way that is annoying… for example something bad happens to me and it resolves itself in the final hour."
__drw___,DEE,2026-07-08T17:44:32,1,0,Scorpio,7,Sagittarius,8,Aquarius,10,To be free,Go with the flow (plans fall apart); transmute pain into positives; stay ready to transform — a different version of self every few months; life isn't meant to be conventional; life as a balancing act,,"In Placidus: NN 7H, Saturn 11H (gave both house systems)","Venus in Scorpio (7th House), NN in Sag (8th House), Saturn in Aquarius (10th House) but in Placidus, my NN is in the 7th House and my Saturn is in 11th. My ultimate dream in life is to be free. The lessons I’ve attracted are too many to count, but some include: learning to go with the flow because things seems to not work out for me when I have a strong plan, learning to transmute pain (turning it into a positive), always be ready to transform because the version I am today will most definitely be different next year or even in a couple months time and that many elements of my life just aren’t suppose to be conventional. Life has always felt like a balancing act for me, especially since I graduated from university which was a very long time ago, but I’m more than ready to experience all the good life has to offer me."
bambicola,bambi lynn,2026-07-08T17:40:20,1,0,Scorpio,7,Scorpio,7,Pisces,11,,Has been through anything you could imagine,,,"venus scopio 7th house, north node scorpio 7th house, saturn pisces 11th house and i’ve been thru ANYTHING you could imagine 😭"
aligneddesigntarot,aligneddesigntarot,2026-07-08T17:34:10,1,0,Aquarius,11,Scorpio,7,Pisces,11,"Be self-sufficient from her own garden; zero pressure to work; exist in her own bubble of happiness, peace, and creativity; healthy kids and happy marriage as a bonus",,,,"Venus in Aquarius- 11th house, N Node in Scorpio- 7th house, Saturn in Pisces- 11th house…my dreams are to genuinely be surrounded self sufficient from my own garden, to have zero pressure to “work” and to exist in my own bubble of happiness, peace, and creativity. Healthy kids and a happy Marriage would be a bonus."
brittneyzee,Brittney,2026-07-08T17:33:40,1,0,Taurus,1,Virgo,5,Aries,12,"Have fun, eat and travel in beautiful places",Attracts secretive men,"Career struggles; injury last month, can't work","Venus+Mercury in 1H; NN with Moon, Mars, Lilith in Virgo 5H; Sun with Saturn in Aries 12H","Taurus 1H rising, Venus and Mercury, Virgo 5H NN, Moon, mars and Lilith, Aries 12H sun and Saturn. I’ve been going through it with career and I had an injury this past month and can’t work 😩 i just want to have fun, eat and travel in beautiful places. Hmm I feel like I attract secretive men lol"
sreinem45,liz meiners,2026-07-08T17:30:19,0,0,Virgo,5,Virgo,5,Virgo,5,,,,All three placements in Virgo 5H; placements only,All three in the fifth house - Virgo 😳
hannahthefaery,hannah the faery,2026-07-08T17:26:23,6,1,Aries,12,Cancer,2,Taurus,12,,,The person she thought she'd marry broke up with her in November out of nowhere; going through it since,Venus rx squares NN exactly at 0°; Saturn exactly conjunct her 28° Taurus rising; highest-liked comment (5),"the person I thought I was going to marry broke up with me in november out of nowhere and i’ve been going through it since then. aries venus retrograde squares at 0° my north node in cancer 2nd house. saturn taurus is in my 12th, exactly conjunct my 28° taurus rising"
gracejmoore,grace,2026-07-08T17:21:15,1,0,Gemini,2,Libra,6,Pisces,11,,,,"Placements only, no narrative",venus in the 2nd saturn in the 11th north node in the 6th
queridasiulmariam,La Chiquilla ✨,2026-07-08T17:20:30,2,0,Virgo,5,Sagittarius,7,Aquarius,10,Stability in career; being able to live comfortably,,,29° Taurus rising; NN 7th/8th depending on house system (Placidus),Venus is in my 5th house (I’m a 29th degree Taurus rising) and north node sag 7th/8th house if you’re looking at placidus charts and Saturn is in my 10th house in Aquarius. I definitely just dream of stability in career and being able to live comfortably lol
crybabygirl0,Cry Baby333,2026-07-08T17:14:18,1,0,Aquarius,10,Capricorn,9,Aquarius,10,"Buy land, live self-sufficiently, build a peaceful life where she can truly be herself","Beliefs and priorities completely shifted; focused on consistency, the gym, building her fishing community, living authentically instead of fitting in",Major career changes; becoming more visible on social media; letting go of old friendships; becoming comfortable with solitude,,"Venus in Aquarius (10th House). North Node in Capricorn (9th House). Saturn in Aquarius (10th House). I’ve been going through major career changes, becoming more visible on social media, letting go of old friendships, and becoming comfortable with solitude. My beliefs and priorities have completely shifted. I’m focused on consistency, the gym, building my fishing community, and living more authentically instead of trying to fit in. My ultimate goal is to buy land, live more self-sufficiently, and build a peaceful life where I can truly be myself."
gnilfuon,Nona,2026-07-08T17:13:41,1,0,Libra,6,Sagittarius,8,Aquarius,10,Become an art-based scholar,A lot of opportunity but no sense of security or sustainability; can't reciprocate romantic feelings anymore,,Offered to help with interpretation and pattern recognition (PhD),"This is foot on the ground journalism. I needed it. Follow this for us and ill follow. Im going through this and im intermediate in astrology. Venus in libra 6h, nnode sag in 8h, aquarius saturn in the 10h. Dreams: art based scholar. What havr i attracted: a lot of oppurtonity but no sense of security and sustainability, cant even reciprocate romantic feelings anymore. If u need help with interpretation and pattern recognition im here. My credentials: phd and autism"
ila9030,Ilaria,2026-07-08T17:12:33,1,3,Capricorn,9,Libra,6,Pisces,11,,,,"PROXY ANSWER — answering for her boyfriend (Taurus rising, Sag 8H stellium), not herself. Had 3 replies, unretrievable","I'm not answering for myself but I'm speaking for my boyfriend who doesn't have TikTok anymore but he has a Sag 8th house stellium like you. I hope this is still okay for you. His Venus is not in Scorpio but Capricorn 9th house, North node in the 6th in Libra, and Saturn in Pisces in the 11th house."
shivya88,Shivya Bansal,2026-07-08T16:59:26,1,0,Capricorn,9,Libra,6,Pisces,11,Build a successful company,Confirms having gone through everything described in the video,,,"yep that’s me!! gone through all that. taurus rising. venus is in 9th house, NN in 6th, saturn in 11th. dream is to build a company that’s successful"
votresara,Sara L Murray,2026-07-08T16:55:13,0,0,Aries,12,Capricorn,9,Aquarius,10,Do well enough to take care of her own and eventually 'build a longer table',,Parents sold her childhood home this year; four family pets died within three months of each other; feeling very burnt out,,"Venus in Aries in the 12th house, North Node in Capricorn in the 9th house, Saturn in Aquarius in the 10th house. This year, my parents sold my childhood home, four family pets ( my own, my parents, or my mother-in-law‘s that lived with my husband and I for a few years) have all passed within three months of each other, been feeling very burnt out. When it comes to dreams, I just want to have done well enough to take care of me and mine and get to a point of being able to build a longer table."
destenylazo6,Desteny,2026-07-08T16:52:25,1,0,Leo,4,Taurus,1,Cancer,3,"Interpreted 'dreams' literally (sleep dreams): dreams about exes, being trapped in school, being yelled at in school, taking mom's girlfriend (nicotine addiction) to the hospital","Themes: school, past relationships, dealing with people who struggle with addiction",,Answered with literal sleep dreams rather than aspirations,"I have Venus in the fourth house . North node first house . Saturn in third house . Dreams about exes also being trapped in school or being yelled at in school. Also dealing with my mom’s girlfriend who struggles with nicotine addiction and taking her to the hospital in my dreams which has affected me a lot . So mainly school past relationships, and dealing with people that struggle with addictions."
catchingtigers,catchingtigers,2026-07-08T16:27:43,1,0,Gemini,2,Leo,5,Virgo,6,Feel supported and not alone; a lasting relationship; security in all areas of life,,A lot of loss through death or relationship endings; finances took a big hit in the last 1-2 years,,"Venus-Gemini 2h, NN-Leo 5h, Saturn-Virgo 6h. I’ve had a lot of loss through death or relationship endings. In the last 1-2 yrs, my finances have taken a big hit. My dream is to feel supported and not alone. I want a lasting relationship and security in all areas of my life."
jacquelynmarie42,Jackie,2026-07-08T16:17:02,2,0,Scorpio,7,Capricorn,9,Aquarius,10,Live a simple life off the land; travel the world connecting with different people; learn about cultures and religions,,Lost her boyfriend and her best friend/situationship (since 2019),Venus conjunct Pluto,"Venus in Scorpio w Pluto, north node in cap in 9th house, Saturn in 10th in aqua. Lost my boyfriend and best friend/situationship since 2019. Dreams to just life a simple life living off the land, travel all over the world connecting w different people, learn about different cultures and religions"
amster0306,Amy Smith-Dupree | REALTOR,2026-07-08T16:03:43,1,0,Aquarius,10,Gemini,2,Scorpio,7,Just wants to be happy,"Always able to attract money and vocational opportunities, but interpersonal relationships suck",Entrepreneur who had to take a corporate job to make ends meet,,"@Amy Smith-Dupree | REALTOR: Hey girl! Taurus rising Venus is Aquarius in the 10th house, north node in Gemini in 2nd house, Saturn in 7th in Scorpio. I just want to be happy. I’m an entrepreneur but had to take a corporate job to make ends meet. I have always been able to attract money or vocational opportunities but my interpersonal relationships suck. Hope this helps"
alloallotelephoneoui,Mia i swear,2026-07-08T15:42:17,1,0,Libra,6,Taurus,1,Cancer,3,"Live comfortably and holistically in the countryside, preferably with her love and pets",,,,"Venus is libra in the 6th , Saturn in Cancer in the 3rd ,North Node in the 1st in Taurus .. dreams .. to live comfortably on the countryside holistically preferably with my love and pets"
beckyhamberger,becky bookie,2026-07-08T15:34:20,1,0,Aquarius,10,Aries,12,Sagittarius,10,Not work so hard and so often,Very good at manifesting what she calls in,,,"🙋🏼‍♀️Venus 10h Aquarius, Saturn 10H Sag, NN Aries in 12H — want to not work so hard and often! Very good at manifesting what I call in otherwise"
eiramaras,s a r a 🎠 m a r i e,2026-07-08T14:45:34,2,1,Aries,12,Aquarius,10,Capricorn,9,"Make a living wage as an artist — live comfortably, slowly, and just create",Attracts opportunities to grow — doesn't seek challenges but takes them when presented and learns that way; significantly expanded inner world/spirituality in recent years,"Career-wise and health-wise, going through it",NN conjunct Uranus in 10H; identifies as Manifesting-Generator (Human Design),"venus aries 12th house; north node uranus 10th house; saturn capricorn 9th house. career and health wise, i’ve been goin throughhh it. the dream would be to make a living wage as an artist (able to live comfortably, slowly and just create). i feel like i attract opportunities to grow…as in i don’t often seek out things that seem challenging/impossible, but if presented the option, i take it and often learn lessons that way (i’m a Manifesting-Generator). also in recent years have significantly expanded my inner world/spirituality. pls let us know what you find!! 🩵"
ara11714,Ara,2026-07-08T14:04:35,1,0,Aries,12,Cancer,3,Taurus,1,Start a brand-new life alone in a faraway town or country; new job (maybe teaching dance); build and sustain a relationship and financial security,"A repeated cycle of 'death of meaning' in every part of life — relationships, career — like building sandcastles near the sea",,,"I have Aries venus(12th h), Taurus saturn(1st h), Cancer NN (3rd h). and I mean if I could do anything right now I would like to start a brand new life alone in a new faraway town or country, with a new job(maybe teaching dance?) and be able to actually build and sustain a relationship and financial security. what did I attract in life? honestly a repeated cycle of death of meaning in every part of life, relationships, career, to the point that it feels like making sand castles near the sea"
sweetladysleeze,sweetladysleeze,2026-07-08T13:53:31,3,0,Aquarius,11,Capricorn,10,Capricorn,10,Structure life to do whatever she wants outside of capitalism; help build a new world alongside her community; help people set themselves free,Every day is an onslaught of lessons in devotion and confidence,Feeling relief now but has been hanging on by a thread,Capricorn sun / stellium,Aquarius Venus 11th house. Capricorn Saturn and north node in the 10th house. I am feeling relief right now but I have literally been hanging on by a thread. My dream is to structure my life so I can do whatever I want outside of capitalism and help build a new world alongside my community. My dream is to help people set themselves free. I am a Capricorn sun/stellium. Every day is just an onslaught of lessons in devotion and confidence.
oliviamacmillan1,Olivia MacMillan,2026-07-08T13:51:57,1,0,Aquarius,10,Virgo,5,Aries,12,Travel and experience as much of nature as possible; be outside all day every day,Attracts people who want her love but don't love her back,,,Venus in 10th. Saturn in the 12th. North node in 5th house. My dreams would be to travel and experience as much of nature as I can. I wish I could be outside all day every day. I feel like I attract people that want my love but do not love me back.
houseofbrinson,House of Brinson,2026-07-08T13:44:25,1,0,Libra,6,Libra,6,Leo,4,,,BEEN GOING THROUGH IT,,"Venus, Libra 6th/North Node, Libra 6th, Saturn Leo 4th. BEEN GOING THROUGH IT."
pidepeterpiper,Piper,2026-07-08T13:38:24,1,0,,,,,,,,,Lost her dearly loved dog; on medication after developing an autoimmune disease plus anxiety and depression,No placements given,"I lost my Dog that I love so Dearly, and I'm under medication since I developed autoimmune disease and Anxiety Depression."
brethahuncho17,Bre,2026-07-08T13:27:29,2,0,Virgo,5,,,Aries,12,Dreams of stability,,Exhausted,Doesn't know her north node,"Venus in fifth, Saturn in 12th idk north node I’m exhausted tho I dream of stability"
shannaw987,shannaW987,2026-07-08T13:10:54,1,0,,,,,,,,,,Fragment follow-up to her main comment 6 minutes earlier — 'In Gemini 1st house' likely places her Saturn or NN; ambiguous,In Gemini 1st house. Thank you.
shannaw987,shannaW987,2026-07-08T13:04:20,1,1,Cancer,3,Aquarius,10,,,Doesn't really have dreams anymore — 'I'm still kicking though',,"Lost her 3 older sisters in the past 8 years, the last (and closest) to suicide 2 years ago; became a widow 2 years ago while separated","Sun, Moon, and Venus all in Cancer 3H; follow-up fragment comment adds 'In Gemini 1st house' (see other row)","Cancer Sun, Moon, and Venus in the 3rd house. NN in Aquarius. In the past 8 years, I've lost my 3 older sisters, the ladt, (and my closest), to suicide 2 years ago. While separated, I became a widow 2 years ago. I don't really have dreams anymore. I'm still kicking though. Lol."
